https://dominfo.ru/uk/region/primorskiy-kray/arsenev
https://dominfo.ru/uk/region/primorskiy-kray/artem
https://dominfo.ru/uk/region/primorskiy-kray/bolshoy-kamen
https://dominfo.ru/uk/region/primorskiy-kray/vladivostok
https://dominfo.ru/uk/region/primorskiy-kray/dalnegorsk
https://dominfo.ru/uk/region/primorskiy-kray/dalnerechensk
https://dominfo.ru/uk/region/primorskiy-kray/lesozavodsk
https://dominfo.ru/uk/region/primorskiy-kray/nahodka
https://dominfo.ru/uk/region/primorskiy-kray/nahodka
https://dominfo.ru/uk/region/primorskiy-kray/partizansk
https://dominfo.ru/uk/region/primorskiy-kray/spassk-dalniy
https://dominfo.ru/uk/region/primorskiy-kray/ussuriysk
https://dominfo.ru/uk/region/primorskiy-kray/fokino
https://dominfo.ru/uk/region/habarovskiy-kray/amursk
https://dominfo.ru/uk/region/habarovskiy-kray/bikin
https://dominfo.ru/uk/region/habarovskiy-kray/komsomolsk-na-amure
https://dominfo.ru/uk/region/habarovskiy-kray/sovetskaya-gavan
https://dominfo.ru/uk/region/habarovskiy-kray/nikolaevsk-na-amure
https://dominfo.ru/uk/region/habarovskiy-kray/habarovsk
https://dominfo.ru/uk/region/respublika-saha-yakutiya/neryungri
https://dominfo.ru/uk/region/respublika-saha-yakutiya/yakutsk
https://dominfo.ru/uk/region/amurskaya-oblast/belogorsk
https://dominfo.ru/uk/region/amurskaya-oblast/blagoveshchensk
https://dominfo.ru/uk/region/amurskaya-oblast/zeya
https://dominfo.ru/uk/region/amurskaya-oblast/raychihinsk
https://dominfo.ru/uk/region/amurskaya-oblast/svobodnyy
https://dominfo.ru/uk/region/amurskaya-oblast/tynda
https://dominfo.ru/uk/region/amurskaya-oblast/ciolkovskiy
https://dominfo.ru/uk/region/amurskaya-oblast/shimanovsk
https://dominfo.ru/uk/region/sahalinskaya-oblast/yujno-sahalinsk
https://dominfo.ru/uk/region/kamchatskiy-kray/vilyuchinsk
https://dominfo.ru/uk/region/kamchatskiy-kray/petropavlovsk-kamchatskiy
https://dominfo.ru/uk/region/magadanskaya-oblast/magadan